CodCli;CodCat;DescCargo;;;;;
1;Car1;OPERADOR CREDITO I;;;;;"INSERT INTO CARGO (CLIENTE_id_cli,CodCat, Descricao) VALUES (1,'Car1','OPERADOR CREDITO I');"
1;Car1;OPERADOR SERVICE DESK BILINGUE I;;;;;"INSERT INTO CARGO (CLIENTE_id_cli,CodCat, Descricao) VALUES (1,'Car1','OPERADOR SERVICE DESK BILINGUE I');"
1;Car1;TELEOPERADOR II;;;;;"INSERT INTO CARGO (CLIENTE_id_cli,CodCat, Descricao) VALUES (1,'Car1','TELEOPERADOR II');"
1;Car1;OPERADOR SUPORTE TECNICO III;;;;;"INSERT INTO CARGO (CLIENTE_id_cli,CodCat, Descricao) VALUES (1,'Car1','OPERADOR SUPORTE TECNICO III');"
1;Car1;OPERADOR COBRANCA III;;;;;"INSERT INTO CARGO (CLIENTE_id_cli,CodCat, Descricao) VALUES (1,'Car1','OPERADOR COBRANCA III');"
1;Car1;OPERADOR SERVICE DESK I;;;;;"INSERT INTO CARGO (CLIENTE_id_cli,CodCat, Descricao) VALUES (1,'Car1','OPERADOR SERVICE DESK I');"
1;Car1;OPERADOR VENDAS III;;;;;"INSERT INTO CARGO (CLIENTE_id_cli,CodCat, Descricao) VALUES (1,'Car1','OPERADOR VENDAS III');"
1;Car1;OPERADOR SAC III;;;;;"INSERT INTO CARGO (CLIENTE_id_cli,CodCat, Descricao) VALUES (1,'Car1','OPERADOR SAC III');"
1;Car2;OPERADOR SAC II;;;;;"INSERT INTO CARGO (CLIENTE_id_cli,CodCat, Descricao) VALUES (1,'Car2','OPERADOR SAC II');"
1;Car2;OPERADOR SUPORTE TECNICO BILINGUE I;;;;;"INSERT INTO CARGO (CLIENTE_id_cli,CodCat, Descricao) VALUES (1,'Car2','OPERADOR SUPORTE TECNICO BILINGUE I');"
1;Car2;OPERADOR SUPORTE TECNICO BILINGUE II;;;;;"INSERT INTO CARGO (CLIENTE_id_cli,CodCat, Descricao) VALUES (1,'Car2','OPERADOR SUPORTE TECNICO BILINGUE II');"
1;Car2;OPERADOR COBRANCA II;;;;;"INSERT INTO CARGO (CLIENTE_id_cli,CodCat, Descricao) VALUES (1,'Car2','OPERADOR COBRANCA II');"
1;Car3;OPERADOR SUPORTE TECNICO I;;;;;"INSERT INTO CARGO (CLIENTE_id_cli,CodCat, Descricao) VALUES (1,'Car3','OPERADOR SUPORTE TECNICO I');"
1;Car3;OPERADOR COBRANCA I;;;;;"INSERT INTO CARGO (CLIENTE_id_cli,CodCat, Descricao) VALUES (1,'Car3','OPERADOR COBRANCA I');"
1;Car3;OPERADOR VENDAS BILINGUE II;;;;;"INSERT INTO CARGO (CLIENTE_id_cli,CodCat, Descricao) VALUES (1,'Car3','OPERADOR VENDAS BILINGUE II');"
1;Car3;OPERADOR VENDAS II;;;;;"INSERT INTO CARGO (CLIENTE_id_cli,CodCat, Descricao) VALUES (1,'Car3','OPERADOR VENDAS II');"
1;Car3;OPERADOR SUPORTE TECNICO II;;;;;"INSERT INTO CARGO (CLIENTE_id_cli,CodCat, Descricao) VALUES (1,'Car3','OPERADOR SUPORTE TECNICO II');"
1;Car4;OPERADOR VENDAS I;;;;;"INSERT INTO CARGO (CLIENTE_id_cli,CodCat, Descricao) VALUES (1,'Car4','OPERADOR VENDAS I');"
1;Car4;OPERADOR SAC I;;;;;"INSERT INTO CARGO (CLIENTE_id_cli,CodCat, Descricao) VALUES (1,'Car4','OPERADOR SAC I');"
1;Car4;OPERADOR SAC BILINGUE I;;;;;"INSERT INTO CARGO (CLIENTE_id_cli,CodCat, Descricao) VALUES (1,'Car4','OPERADOR SAC BILINGUE I');"
1;Car4;OPERADOR SAC BILINGUE II;;;;;"INSERT INTO CARGO (CLIENTE_id_cli,CodCat, Descricao) VALUES (1,'Car4','OPERADOR SAC BILINGUE II');"
