CodCli;CodCat;DescInstr;;
1;Est1;BA;;"INSERT INTO ESTADO (CLIENTE_id_cli,CodCat, Descricao) VALUES (1,'Est1','BA');"
1;Est1;CE;;"INSERT INTO ESTADO (CLIENTE_id_cli,CodCat, Descricao) VALUES (1,'Est1','CE');"
1;Est1;PB;;"INSERT INTO ESTADO (CLIENTE_id_cli,CodCat, Descricao) VALUES (1,'Est1','PB');"
1;Est1;RN;;"INSERT INTO ESTADO (CLIENTE_id_cli,CodCat, Descricao) VALUES (1,'Est1','RN');"
1;Est1;SC;;"INSERT INTO ESTADO (CLIENTE_id_cli,CodCat, Descricao) VALUES (1,'Est1','SC');"
1;Est2;RJ;;"INSERT INTO ESTADO (CLIENTE_id_cli,CodCat, Descricao) VALUES (1,'Est2','RJ');"
1;Est3;SP;;"INSERT INTO ESTADO (CLIENTE_id_cli,CodCat, Descricao) VALUES (1,'Est3','SP');"
1;Est4;MG;;"INSERT INTO ESTADO (CLIENTE_id_cli,CodCat, Descricao) VALUES (1,'Est4','MG');"
1;Est4;GO;;"INSERT INTO ESTADO (CLIENTE_id_cli,CodCat, Descricao) VALUES (1,'Est4','GO');"
1;Est4;RS;;"INSERT INTO ESTADO (CLIENTE_id_cli,CodCat, Descricao) VALUES (1,'Est4','RS');"
1;Est4;DF;;"INSERT INTO ESTADO (CLIENTE_id_cli,CodCat, Descricao) VALUES (1,'Est4','DF');"
1;Est4;MA;;"INSERT INTO ESTADO (CLIENTE_id_cli,CodCat, Descricao) VALUES (1,'Est4','MA');"
1;Est4;PR;;"INSERT INTO ESTADO (CLIENTE_id_cli,CodCat, Descricao) VALUES (1,'Est4','PR');"
